austlang_code,primary_name,lat,lon,state_territory,status
K55,Unggarrangu,-16.69360094,123.6706818,WA,Confirmed
E28,Wakka Wakka,-26.45133412,151.903029,QLD,Confirmed
A115,Nharnu,,,WA,Potential data
Y4,Kulkalgaw Ya,-9.941779927,143.0394399,TSI,Confirmed
A106,Najanaja,,,WA,Potential data
L69,Northern Dhirari,,,,Potential data
N76,Ngalkbon,,,,Potential data
A108,Nankilakuthu,,,WA,Potential data
A109,Martuyitha,,,WA,Potential data
E27,Djagunda,-26.05034841,150.8351369,QLD,Potential no data
A114,Mileura Wajarri,,,WA,Potential data
A111,Windaga,,,WA,Potential no data
L12,Wadigali,-29.26078824,141.2096483,"NSW,QLD,SA",Confirmed
D41,Giabal,-27.69038241,151.7555301,QLD,Potential data
A79,Yinhawangka,-24.45577843,119.0782641,WA,Confirmed
K30,Malngin,-17.23515381,129.3537164,"NT,WA",Confirmed
E81,Jarowair,-27.21168959,151.6777654,QLD,Potential no data
L1,Narungga/Nharangga,-34.48186913,137.5910412,SA,Confirmed
Y181,Western Ayapathu,,,QLD,Confirmed
E20,Duungidjawu,-26.97314864,152.5741404,QLD,Confirmed
Y186,Mpakwithi,-12.28402216,141.9331705,QLD,Confirmed
Y195,Rimanggudinhma,-14.48683794,143.7825099,QLD,Confirmed
K21,Wanyjirra,-18.10586567,129.7059148,WA,Confirmed
Y197,Ogh Angkula,,,QLD,Confirmed
T16,palawa kani,-42.1817,146.5,TAS,Confirmed
A22,Marawa,-28.77151428,125.3463879,WA,Potential no data
E87,Dungibara,-27.2249184838492,152.4172253422103,QLD,Potential data
A27,Mudalga,-27.75221032,123.6548741,WA,Potential data
Y207,Uw El,-15.1455139,141.8282078,QLD,Confirmed
W5,Goreng / Koreng,-34.01109176,118.4408161,WA,Confirmed
A28,Bunggura,-27.28614141,130.4633711,WA,Potential no data
N95,Wurlaki,,,NT,Confirmed
N98,Malarbardjuradj,,,NT,Confirmed
N99,Wilingura,-15.70856193,135.9306831,NT,Potential no data
Y20,Anguthimri,-12.37773248,141.8360942,QLD,Confirmed
L3,Kaurna,-34.42714719,138.4084662,SA,Confirmed
E22,Ngoera / Nalbo,-27.0690521,152.3593426,QLD,Potential data
Y210,Kirka,-14.93100124,141.6657473,QLD,Potential data
E24,Buyibara,-27.22108106,152.9281923,QLD,Potential data
P4,Aboriginal English,,,,Confirmed
E26,Guwar,-27.16768654,153.4003411,QLD,Potential data
L42,Yirandali,-21.1570842,144.2829284,QLD,Confirmed
Y231,Yaraytyana,-11.0918207,142.7056851,QLD,Confirmed
S18,Ngintait,-34.37300823,141.1084427,SA,Potential no data
Y233,Wakaman,-17.21045196,144.5984228,QLD,Confirmed
E29,Gubbi Gubbi,-26.0056033,152.6675373,QLD,Confirmed
L50,Midlaliri,-29.18670533,135.3837715,SA,Confirmed
D63,Northern Dharawal,,,,Confirmed
L57,Minkabari,-28.87314392,142.6017432,QLD,Potential no data
S1,Warki,-35.46000501,138.8509463,SA,Confirmed
S56,Dharamba,-35.15101581,150.3412006,NSW,Confirmed
L5,Ngadjuri,-32.93016066,139.0812316,SA,Confirmed
N116.X,Ngaymil,,,NT,Confirmed
Y40,Ndorndorin,,,,Unconfirmed
N116.Y,Nungudulbuy,,,NT,Potential no data
S96,Hawkesbury River - Broken Bay language,-33.50570358,151.2190358,NSW,Potential data
Y52,Wik Epa,-13.8954436,141.7887661,QLD,Confirmed
N118,Dhay'yi,-13.37364795,135.7620122,NT,Confirmed
S99,Hunter River - Lake Macquarie language,,,NSW,Confirmed
S29,Wadawurrung,-37.83817245,143.9211996,VIC,Confirmed
A91,Nyardi,-18.62299162,125.2755039,WA,Potential no data
N11,Pungupungu,-13.37733792,130.4467343,NT,Confirmed
D23,Gamilaraay / Gamilaroi / Kamilaroi,-29.72305819,149.8333724,NSW,Confirmed
S36,Woiwurrung,-37.74220325,145.2932175,VIC,Confirmed
D66,Wirraay-Wirraay,-28.21952692,148.197097,QLD,Potential data
S31,Kurung,,,,Unconfirmed
Y70,Yuwula,,,QLD,Unconfirmed
D65,Wirraayaraay,-32.09839624,148.58653,NSW,Potential data
N161,Marri Tjevin,-13.89279577,129.8490531,NT,Confirmed
Y75,A'ragu,,,,Unconfirmed
A87,Wangkajunga,-20.57646586,126.5032336,WA,Confirmed
S44,Dhudhuroa,-36.36416851,147.6925952,VIC,Confirmed
A8,Murunitja,-30.30238579,126.0307175,WA,Potential data
Y91,Gonaniin,,,,Unconfirmed
A90,Nyanyany,,,,Unconfirmed
E84,Karunbara,-23.53207334,150.1000323,QLD,Confirmed
A102,Pindiini,-29.46595664,127.7662611,WA,Potential data
A97,Cheangwa language,-27.49908684,116.4015535,WA,Potential data
N184,Ilgar,-11.07092598,132.9074224,NT,Confirmed
A101,Naaguja,-28.1355411,114.7644712,WA,Potential data
E82,Wapabara,-23.19138657,150.9668473,QLD,Confirmed
S4,Ngaralda,-35.01894864,139.2284113,SA,Potential data
D70,Inuwon,,,,Potential data
S64,Dharug / Darug,-33.81492894424271,150.9915266654264,NSW,Confirmed
A103,Wangkatja,-29.86593028,122.698712,WA,Confirmed
A10,Ngurlu,,,WA,Unconfirmed
C14,Alyawarr,-21.948371,135.5344463,NT,Confirmed
C18,Warumungu,-19.60271266,134.5051818,NT,Confirmed
N172,Gun.guluwala',,,NT,Confirmed
A104,Pijikala,,,WA,Potential data
A107,Nawurtu,,,WA,Potential data
A118,Ngarrka,,,WA,Potential data
A105,Nangu,,,WA,Potential no data
C21,Pinkangarna,,,,Unconfirmed
A121,Ngardi,,,WA,Confirmed
Y2,Kalaw Kawaw Ya,-9.352026426,142.4788069,TSI,Confirmed
A110,Marlpa,,,WA,Potential data
A20,Wilyara,-26.79961161,120.4156881,WA,Potential no data
A95,Natingero,-29.37382415,118.3669993,WA,Potential data
D4,Wadi Wadi,-35.0866431,143.3704571,"NSW,VIC",Confirmed
A112,Ngunuru,,,WA,Potential data
G51,Baringkirri,,,,Potential data
A113,Byro Wajarri,,,WA,Potential data
D67,Wadi Wadi (Piangil),-35.05,143.3,VIC,Potential data
A11,Waljen,-29.231154,122.7229745,WA,Potential data
A34,Mangu,-25.57987993,119.7750311,WA,Potential data
D1,Wemba Wemba,-35.34122157,144.141905,"NSW,VIC",Confirmed
A122,Kakutu / Kakurtu,,,,Potential data
C37,Wurlayi,-16.34158581,129.6478241,NT,Confirmed
C36,Western Mudburra,-16.76736404,131.4545549,NT,Confirmed
T15,Little Swanport Tasmanian,-42.44063808,147.9564732,TAS,Confirmed
D5,Barababaraba,-35.6737029,144.6113764,"NSW,VIC",Confirmed
C27,Ngarinyman,-16.59038008,130.2551773,NT,Confirmed
A123,Ngulatu / Ngulartu,,,,Potential data
A16,Kuwarra,-28.1820317,120.3453645,WA,Potential data
A39,Wajarri,-26.10023039,116.9930825,WA,Confirmed
S38,Jabulajabula / Yabula Yabula,-35.71096376,145.1071433,"VIC,NSW",Confirmed
A17,Nangadadjara / Nyanganyatjara,-28.68370166,124.8034463,WA,Potential data
A52,Kiyajarra,-23.51038415,125.9526596,WA,Potential data
C7,Kukatja,-24.04279506,131.4280677,,Confirmed
S97,Kwat Kwat,,,VIC,Potential data
A30,Ngadawanga,-26.40174013,119.5797048,WA,Potential no data
D58,Jeithi,-35.51201017,145.9813226,NSW,Potential no data
A12,Wangkatha,-29.77825242,121.9180727,WA,Confirmed
K64,Andajin,,,,Potential data
D10,Wiradjuri,-33.90918016,147.2573464,NSW,Confirmed
A56,Dargudi,-23.06937606,121.0457235,WA,Potential data
S88,Wotjobaluk,-35.72406138,142.9995632,VIC,Confirmed
A31,Tjupan,-27.11795547,120.5664224,WA,Confirmed
Y150,Walmalbarra,-18.05899607,145.9955792,QLD,Confirmed
S89,Waywurru / Pallanganmiddang,-36.22978341,146.3074993,VIC,Confirmed
A33,Mantjintjarra,-27.25385788,126.0846168,WA,Confirmed
A58,Nyamal,-21.22018938,120.029409,WA,Confirmed
A60,Widagari,-21.32798952,120.6393666,WA,Potential data
A98,Kuntal,,,,Unconfirmed
A38.1,Widjandja,,,,Unconfirmed
A73,Walyirli,-20.05851321,121.8962409,WA,Confirmed
A38,Ngaanyatjarra,-25.8004324,127.3534575,WA,Confirmed
D28,Wiriyaraay,-29.11287083,150.6214094,NSW,Potential no data
A81,Mount Margaret,,,,Unconfirmed
D44,Mandandanji,-27.01765413,148.5017274,QLD,Potential data
C11,Yumu,,,,Unconfirmed
S90,Minjambuta,-36.81018372,146.6341949,VIC,Potential no data
S95,Djilamatang,,,VIC,Unconfirmed
A41,Madoidja,,,,Unconfirmed
C10,Pintupi,-23.37009684,127.5817031,NT,Confirmed
D39,Gawambaraay,-28.6219307,150.3248956,"NSW,QLD",Confirmed
N86,Gadjalivia,,,NT,Unconfirmed
W10,Balardong,-31.55554595,117.1316871,WA,Confirmed
W15,Thaagurda,-27.16965702,114.799097,,Potential data
W12,Amangu,-29.47328681,115.5298235,WA,Confirmed
A43,Ngaatjatjarra,-25.08112519,128.5419926,WA,Confirmed
D42,Margany,-27.27294762,144.5774105,QLD,Confirmed
L28,Karangura,-25.97487493,138.7338012,"QLD,SA",Confirmed
D43,Gunya,-26.78474267,146.1613436,QLD,Confirmed
A4,Kaalamaya,-30.26369153,119.0129788,WA,Confirmed
C17,Warlmanpa,-19.24962654,132.8710073,NT,Confirmed
A50,Nyiyaparli,-22.92418558,120.1964725,WA,Confirmed
E63,Yetimarala / Yetimarla,-22.8938418,149.4836174,QLD,Confirmed
W30,Nhuwala,-21.53883663,115.6860132,WA,Confirmed
D52,Thinuntu,-29.83928282,146.3256832,"NSW,QLD",Potential no data
A51,Kartujarra,-23.28296268,122.0625362,WA,Confirmed
C32,Eastern Ngarinyman,-16.55603846,130.5117546,NT,Confirmed
E55,Yilba,-20.76682112,146.0479805,QLD,Confirmed
A53,Banyjima,-22.74313267,118.3730032,WA,Confirmed
D6.1,Kureinji,-34.23140408,142.4216531,NSW,Confirmed
C40,Warnayaka,-19.73870488,130.703069,NT,Potential no data
A54,Putijarra,-24.29516289,122.6147595,WA,Confirmed
Y124,Djiru,-17.90722366,146.0521375,QLD,Confirmed
C1,Wirangu,-31.53598772,133.5220741,SA,Confirmed
C7.1,Luritja,-24.94708497,133.1519028,NT,Confirmed
D62,Canberra language,-35.47495744,148.9984957,ACT,Potential data
W39,Kariyarra,-20.87080495,118.4788129,WA,Confirmed
N7,Marrithiyel,-13.83464875,130.0129352,NT,Confirmed
S27,Jardwadjali,-36.72332526,142.5688852,VIC,Confirmed
E56,Biri,-20.50810089,147.9886074,QLD,Confirmed
D69,Himberrong,,,,Potential data
C20,Gurindji,-17.46211282,129.8075984,NT,Confirmed
G5,Wangka-Yutjurru,-22.88173627,138.5657301,QLD,Confirmed
A5,Nungara,-30.28873663,120.5950126,WA,Potential data
E62,Yuru,-19.82716687,147.6745532,QLD,Confirmed
N134,Wan.gurri,,,NT,Confirmed
W67,Kongal-boyal,,,,
D26,Barranbinya,-29.78022934,146.2686559,NSW,Confirmed
E1,Geawegal,-32.51979857,151.211697,NSW,Potential data
Y176,Kugu Uwanh,-14.55886718,141.6512973,QLD,Confirmed
A62,Warnman,-22.2347888,123.0524111,WA,Confirmed
G10,Warluwarra,-21.76218641,138.4285574,QLD,Confirmed
Y27,Ntrwa'ngayth,-13.10072683,141.6381249,QLD,Confirmed
A65,Mangala,-19.63994907,123.9677472,WA,Confirmed
C9,Wanggamala,,,,Unconfirmed
A14,Badimaya,-28.59330827,117.1853249,WA,Confirmed
E33,Taribelang,-24.80733136,152.0388992,QLD,Potential data
E31,Yiman,-25.58902937,149.5770984,QLD,Potential data
N44,Mayali,-14.08032662,132.4536947,NT,Confirmed
A68,Kukatja,-20.4894475,127.0238704,WA,Confirmed
E38,Garaynbal,-23.33016135,149.1337003,QLD,Confirmed
K67,Eastern Bunuba,,,,Confirmed
E30,Butchulla,-25.33722004,153.0328201,QLD,Confirmed
A61, Nyangumarta,-20.47942077,122.0289589,WA,Confirmed
A69,Bunara,-20.70930386,129.0464562,WA,Confirmed
D14,Thangkaali,-33.19407773,140.5364068,"NSW,SA",Confirmed
G15,Wakabunga,-19.53889197,139.0648189,QLD,Potential no data
E45,Gabulbarra,-22.86863759,148.7252279,QLD,Potential no data
E41,Tulua,-24.38985217,150.9990002,QLD,Confirmed
E44,Gayiri,-23.79398017,147.8977311,QLD,Confirmed
E16,Wiyabal,-29.30802878,152.2282249,NSW,Confirmed
E69,Nulla Nulla,,,,Unconfirmed
A6,Maduwongga,-30.17413476,121.5137411,WA,Confirmed
E49,Guwinmal,-22.2796681,149.7961573,QLD,Potential data
E47,Wangan,-22.79716328,147.6085897,QLD,Potential no data
K68,Western Bunuba,,,,Confirmed
A72,Ngurlipartu,-21.24327236,122.3284999,WA,Confirmed
D54,Yuwaalayaay,-29.60440833,147.5403442,NSW,Confirmed
Y125,Tagalaka,-18.19732763,142.9612272,QLD,Confirmed
E52,Yangga,-20.92842179,147.2562885,QLD,Confirmed
A78,Ju'una,-22.00076296,119.4554131,WA,Potential no data
A76,Pantikura,-22.55780241,118.5042538,WA,Confirmed
E68,Ngarbal,-29.5277933,151.7814606,NSW,Potential data
S33,Weki Weki,-35.0367157,143.3622313,"NSW,VIC",Confirmed
A82,Wirdjaragandja,-26.30487938,131.9110761,WA,Potential data
Y132,Agwamin,-17.67566995,144.1668057,QLD,Confirmed
G24,Mayi-Kutuna,-19.12082465,139.8962502,QLD,Confirmed
E11,Yugambal,-29.75744124,151.0501143,NSW,Confirmed
Y132.1,Wamin,-18.78142258,144.1411973,QLD,Potential data
A85,Kurajarra,-22.9095914,122.3629167,WA,Potential no data
Y131,Yanga,-19.08582079,143.4654884,QLD,Potential data
A96,Mandara,-23.36443632,119.2811247,WA,Unconfirmed
E73,Casino language,-28.85403056,152.9873744,NSW,Confirmed
K25,Munumburu,-15.27784587,127.5277025,WA,Confirmed
Y13,Unjadi,,,,Unconfirmed
A99,Norseman,-32.24150202,121.7626144,WA,Unconfirmed
Y67,Flinders Island language,,,QLD,Unconfirmed
D24,Southern Anaiwan,-30.7098681,151.3524683,NSW,Confirmed
D31,Budjari / Badjiri,-28.43364116,145.2278033,"NSW,QLD",Confirmed
L21,Waidjinga,,,,Unconfirmed
D35,Guyambal,-29.34051588,151.2486019,"NSW,QLD",Potential data
E86,Turrbal,-27.50740343,153.0519336,QLD,Potential data
W56,West Ngarluma,,,,Potential data
E8,Baanbay,-30.05901234,152.1110868,NSW,Confirmed
N116.C,Birrkili,,,NT,Confirmed
Y152,Gambilbarra Jirrbal,-17.6805349,145.3898073,QLD,Potential no data
E89,Wuli Wuli,-25.30333447,150.6355846,QLD,Confirmed
D51,Purukuri,-29.72039488,144.2664624,"NSW,QLD",Potential no data
E13,Arakwal,,,,Unconfirmed
E19,Jandai,-27.56946938185253,153.4506192361622,QLD,Potential data
Y158,China Camp,-16.0474928,145.2994583,QLD,Unconfirmed
C13,Kaytetye,-21.01987409,134.0695025,NT,Confirmed
C16,Wakaya,-20.15290759,136.1691472,NT,Confirmed
E99,Yirraygirr,,,NSW,Potential data
K26,Wolyamidi,-15.63688402,127.3644225,WA,Confirmed
C19,Wambaya,-18.17305531,135.4310501,NT,Confirmed
K56,Winjarumi,-15.30243643,124.259401,WA,Confirmed
A117,Banyjima Padupadu,,,WA,Potential data
Y161,Kuku Jakandji,-16.64967605,145.2106641,QLD,Confirmed
C25,Mudburra,-17.44031006,131.9096227,NT,Confirmed
T7,Ben Lomond,-41.51639687,147.802052,TAS,Confirmed
G16,Mayi-Thakurti / Mitakoodi,-19.94687087,140.6895015,QLD,Confirmed
Y165,Wanyurr,-17.3832302,145.9433328,QLD,Confirmed
C4,Yankunytjatjara,-26.62369368,132.2605529,SA,Confirmed
C39,Wawulya,-21.80471001,130.0438684,NT,Potential no data
C46,Pertame,,,NT,Confirmed
Y227,Waru Lag,-9.085769314654172,143.2063852322173,TSI,Potential data
C8,Arrernte,-23.91276975,134.2609232,NT,Confirmed
G28,Kukatj,-18.13210146,140.3651155,QLD,Confirmed
Y178,Kugu Yi'anh,-14.4866989,141.6549121,QLD,Confirmed
D17,Pantyikali,-30.49041055,142.6846524,"NSW,SA",Confirmed
D16,Wilyakali,-31.94801137,140.9901883,"NSW,SA",Confirmed
G50,Kok Nhang,,,QLD,Potential data
D30,Kullilli,-28.36614352,143.5314931,QLD,Confirmed
E5,Ngambaa,-30.81513541,152.8904795,NSW,Potential data
Y201,Ogh Awarrangg,-16.07308251,143.0043795,QLD,Confirmed
D33,Guwamu,-28.41455229,147.7249188,QLD,Potential data
K5,Bunuba,-17.72474079,125.6051687,WA,Confirmed
D49,Kungakuri,-29.10545282,146.3952077,"NSW,QLD",Potential no data
N47,Amurdak,-11.95028736,132.8736123,NT,Confirmed
D36,Geynyan,-28.18347613,152.1836091,QLD,Potential data
Y183,Atampaya,-11.58484929,142.32873,QLD,Confirmed
D56,Muringam,,,,Unconfirmed
Y184,Uradhi,-11.89059638,142.1590698,QLD,Confirmed
G4,Rakaya,-23.42426015,140.1372183,QLD,Confirmed
D64,Northern Anaiwan,-30.12755232,151.4762715,NSW,Potential data
K8,Jabirr Jabirr,-17.23238857,122.5274129,WA,Confirmed
D7,Yitha Yitha,-33.87318608,143.9409128,NSW,Confirmed
G53,Lanima,,,,Potential data
N110,Lurlmarangu,,,NT,Potential no data
L16,Gungadidji,-26.35189074,142.0252753,QLD,Potential data
D9,Nari Nari,-34.574931,143.750573,NSW,Confirmed
E42,Baiali,-23.64369074,150.8852368,QLD,Confirmed
K10,Warrwa,-17.27598142,124.013626,WA,Confirmed
E60,Gudjal,-19.70754326,145.4359956,QLD,Confirmed
Y224,Kugu Mu'inh,-14.64749954,141.6397829,QLD,Confirmed
C29,Lower Arrernte,-25.95457191,135.3928072,"NT,SA",Confirmed
E58,Giya,-20.40181799,148.4629209,QLD,Confirmed
A23,Mangula,,,WA,Unconfirmed
K18,Ngarinyin,-16.00384906,126.0054329,WA,Confirmed
E16.2,Wahlubal,-28.88761184,152.5079219,NSW,Confirmed
W57,East Ngarluma,,,,Potential data
S65,Darkinyung,-33.03511724,150.8287049,NSW,Confirmed
E17,Yugambeh,-28.09452769,152.981256,QLD,Confirmed
L65,Ngurunta,-30.73320256,140.4828535,SA,Potential no data
E94,Undanbi,,,,Unconfirmed
E80,Wehlubal,-29.22442551,152.5517802,NSW,Confirmed
K69,Baard,,,,Potential data
N200,Munyuku,,,NT,Potential no data
Y23,Wimaranga,-12.37987715,141.6867406,QLD,Confirmed
Y25,Mpalitjanh,-12.10232991,142.2781567,QLD,Confirmed
A18,Muliara,,,,Potential data
E21,Moondjan,-27.47215729,153.4690786,QLD,Potential data
K33,Kuluwarrang,-16.37711391,127.9778658,WA,Potential data
Y26,Linngithigh,-13.17296567,141.8218545,QLD,Confirmed
K6,Gooniyandi,-18.59096991,126.179024,WA,Confirmed
E25,Dalla,-26.77542365,152.6684343,QLD,Confirmed
Y29,Yinwum,-12.70040974,142.7245727,QLD,Confirmed
N229,Ngalarrunga,-15.90087368,133.1973215,NT,Potential no data
E37,Bidjara / Bidyara,-24.90318659,147.1213069,QLD,Confirmed
A1,Nyaki Nyaki / Njaki Njaki,-32.39094519,118.7550827,WA,Confirmed
K43,Worla,-16.42768619,127.21894,WA,Confirmed
E72,Birihn,-29.0479589,152.8588681,NSW,Confirmed
E70,Burrgati,-30.42236063,151.9407368,NSW,Potential data
K57,Ginan,,,,Unconfirmed
E96,Wudjebal,,,,Potential data
E9,Yunggaya,-29.46378932,153.2157736,NSW,Potential data
G45,Marrago,-18.2705876,140.1666418,QLD,Potential data
K58,Barunjin,,,,Unconfirmed
A21,Gula,-27.99046025,122.7020083,WA,Potential no data
K12,Jaru,-18.51728972,128.2275775,WA,Confirmed
N106,Wägilak,,,NT,Confirmed
N113,Galwanuk,,,,Unconfirmed
E78,Nganduwal,-28.35155366,153.303607,NSW,Confirmed
K47,Djerag,,,,Unconfirmed
E92,Ngarabal,-29.48567462,152.6828852,NSW,Confirmed
K52,Ngarnawu,-16.18764992,127.2888469,WA,Confirmed
K49,Umida,-16.32278166,123.8597133,WA,Confirmed
K60,Mailnga,,,,Unconfirmed
K61,Wulamban,,,,Unconfirmed
E3,Birrbay,-31.64695142,152.134016,NSW,Potential data
L31,Yarluyandi,-25.90446432,139.4987276,QLD,Confirmed
L13,Arabana,-28.4169104,136.0837212,SA,Confirmed
L61,Kadli,,,,Unconfirmed
G13,Kalkatungu / Kalkadoon,-20.88651298,139.8900199,QLD,Confirmed
K7,Nyininy,-18.06933983,128.5856727,WA,Confirmed
L20,Mambangurra,-28.6016663,141.7630213,"NSW,QLD",Potential data
Y57,Wik Mungkan,-13.72268182,142.326255,QLD,Confirmed
G16.1,Wunumara,-20.91311258,141.8532552,QLD,Confirmed
L10,Adnyamathanha,-30.35021173,138.8825771,SA,Confirmed
Y62,Ama Ambilmungu,,,,Unconfirmed
L2,Nauo / Nawu,-33.70399043,135.439736,SA,Confirmed
Y63,Jugaiwadha,,,,Unconfirmed
L3.1,Nanduwara,,,,Unconfirmed
L36,Pirriya,-25.49161592,142.4902412,QLD,Confirmed
L30,Ngandangara,-26.82346778,143.2389399,QLD,Potential no data
L34,Mithaka,-25.27295934,139.7382964,QLD,Confirmed
Y65,Aghu Tharnggala,-14.92265906,144.1358312,QLD,Confirmed
G36,Walangama,-17.88573416,141.9347315,QLD,Confirmed
Y69,Kuuk Thaayorre,-14.90901099,141.7870148,QLD,Confirmed
G37,Yangkaal,-16.90490667,138.9811434,QLD,Confirmed
L43,Bidjara,-28.38567517,143.0055259,QLD,Potential data
L62,Malintji,-23.53445817,142.9528968,QLD,Potential no data
Y72,Yir Yoront,-15.12573754,141.712047,QLD,Confirmed
Y79,Guugu-Nyiguudyi,-14.65363736,144.784569,QLD,Confirmed
L40,Maiawali,-23.41919493,141.5875433,QLD,Confirmed
L47,Matja,-27.32275325,139.9625406,SA,Confirmed
Y80,Kuku-Warra,-15.09403241,144.6122611,QLD,Confirmed
L63,Thura / Yura,,,,Confirmed
L68,Wangkumara,,,,Confirmed
A25,Birniridjara,,,,Unconfirmed
L54,Wangkatyaka,-27.49453191,137.5854732,SA,Confirmed
Y84,Kuku Thaypan,-14.66031799,143.9143389,QLD,Confirmed
Y88,Banambila,,,,Unconfirmed
Y8,Yadhaykenu,-11.48377597,142.7257516,QLD,Confirmed
G9,Yanda,-22.08473631,140.7388174,QLD,Confirmed
L59,Mundanbara,,,,Unconfirmed
N104,Ritharrngu,-12.97618751,135.3967658,NT,Confirmed
L66,Parlpakurnu,-26.2572411,143.0398934,QLD,Potential no data
L67,Eastern Wangkangurru,,,QLD,Confirmed
A26,Djalgandi,-27.64572816,122.973062,WA,Potential data
E48,Baradha,-21.98238387,148.9252572,QLD,Confirmed
K17,Worrorra,-15.62132645,124.8758709,WA,Confirmed
N103,Guyamirrilili,,,NT,Confirmed
A35,Konin,,,WA,Unconfirmed
L9,Kuyani,-29.99929809,137.9422167,SA,Confirmed
N10,Kuwema,-12.85739216,130.425114,NT,Confirmed
A36,Milamada,,,,Unconfirmed
N120,Warndarrang,-15.04294182,135.3450616,NT,Confirmed
N116.Q,Marrangu,,,NT,Confirmed
N116.P,Mandjikai,,,NT,Unconfirmed
N129,Bararrngu,,,NT,Confirmed
N139.1,Makarrwanhalmirr,,,NT,Potential data
N116.B,Birdingal,,,NT,Potential no data
A40,Birdungu,,,,Unconfirmed
A42,Tjitijamba,,,,Unconfirmed
A48,Ngarla,-23.79971186,117.6073884,WA,Potential data
K24,Waladjangari,,,,Unconfirmed
N116.G,Ding Ding,,,,Unconfirmed
A49,Wirdinya,-23.83364083,120.4708263,WA,Potential data
N116.M,Malardordo,,,,Unconfirmed
S77,Bi:gwurrung,-38.29384535,142.2743071,VIC,Confirmed
N116.L,Maydyara / Maidjara,,,,Unconfirmed
N116.R,Murrungun,,,NT,Potential no data
K2,Jugun,-17.78656019,122.4450455,WA,Confirmed
N116.S,Miliwuru,,,,Unconfirmed
N116.W,Ralwia,,,NT,Potential no data
K37.1,Gajirrabeng,-15.29300696,129.2746936,WA,Confirmed
N116.V,Raijang,,,NT,Potential no data
K39,Gaambera,-14.21811415,126.3424611,WA,Confirmed
S79,Taloinjunga,,,VIC,Potential no data
N117.1,Murngin,,,,Unconfirmed
W60,Yinyjiwarnti Kurrama,,,WA,Potential data
A55,Palyku,-22.23908916,120.1608398,WA,Potential data
K3,Nyikina,-18.25939894,124.0608413,WA,Confirmed
N122,Dhurili,,,NT,Confirmed
N126,Nunydjirrpi,,,NT,Potential no data
N128,Wubuy,-13.8698099,135.5886143,NT,Confirmed
N215,Marranj,-13.65277213,130.0736751,NT,Confirmed
A63,Waringari,,,,Potential data
N135,Burarra,,,NT,Potential no data
N21,Larrakia,-12.51763347,130.8413996,NT,Confirmed
N136,Yithuwa,,,NT,Potential no data
N143,Djarn,,,,Unconfirmed
N3,Murrinh-Patha,-14.74734635,130.0034642,NT,Confirmed
N2,Yilngali,,,,Unconfirmed
A67,Yulparija,-21.18399715,124.9545013,WA,Confirmed
N142,Marrakulu,,,NT,Confirmed
N143.1,Dhalwangu,,,NT,Confirmed
N171,Kundedjnjenghmi,-12.67879701,133.4294768,NT,Confirmed
N147,Lamami,,,NT,Confirmed
N116.T,Murru,,,,Unconfirmed
N14,Kungarakany,-13.23326924,130.825209,NT,Confirmed
N116.E,Dhäpuyngu,,,NT,Confirmed
N150,Galawlwan,,,,Unconfirmed
N42,Limilngan,-12.52560183,131.7240108,NT,Confirmed
Y147,Walmbarddha,,,,Unconfirmed
N116.F,Dätiwuy,,,NT,Confirmed
A70,Wadjiba,,,,Unconfirmed
N154,Nyangga,,,,Unconfirmed
A74,Fraser Range,-32.175364,123.4744655,WA,Potential data
N156,Nalawgi,,,,Unconfirmed
A75,Bundjuwanga,-21.08759624,119.3971991,WA,Potential no data
N158,Murrinh-kura,-14.71590049,129.946497,NT,Potential no data
A80,Western Desert language,-26.33733782,127.1081071,"NT,SA,WA",Confirmed
A7,Tjeraridjal,-30.43185108,123.7831818,WA,Potential no data
A84,Tarpuntjari,,,,Unconfirmed
N116.J,Djirin,,,,Unconfirmed
N116.N,Mandatja,,,NT,Confirmed
N167,Ngan-wirlang,,,NT,Potential no data
N166,Marranumbu,,,NT,Potential no data
W58,Yindjibarndi Padupadu,,,,Potential data
N13,Maranunggu,-13.75854954,130.271628,NT,Confirmed
N16,Maramanindji,-13.97056679,130.4182039,NT,Confirmed
A89,Pililuna,-19.66674636,127.6004663,WA,Confirmed
A86,Martu Wangka,-23.35091166,123.6684224,WA,Confirmed
N175,Galduyh,-13.56560435,134.3888624,NT,Confirmed
W65,Djiraly,,,,
N60,Dalabon,-13.3162555,134.029309,NT,Confirmed
A94,Witjaari,-31.7559692,116.2100524,WA,Potential data
N182,Gidjurra,-12.13275273,132.9371945,NT,Confirmed
N170,Gumunggurdu,,,NT,Potential no data
N173,Kuninjku,-12.26766152,134.0414224,NT,Confirmed
A9,Mirniny,-31.29303042,128.1534933,WA,Confirmed
N94.1,Djinang,-12.33789406,134.8634978,NT,Confirmed
C15.1,Wakirti Warlpiri,-20.67209332,133.0945288,NT,Confirmed
N180,Urrirrk,-11.91768043,132.648685,NT,Confirmed
W66,Kongal-marawar,,,,
N181,Wurdang,-11.28706594,131.9235375,NT,Confirmed
N195,Dhamarrangdji,,,NT,Potential no data
N188,Garig,-11.24584451,132.4184072,NT,Confirmed
Y11,Ngur'and,,,QLD,Unconfirmed
N191,Gun-narta,-12.1071313,134.4883778,NT,Confirmed
S26.1,Knenknenwurrung,-37.06668978,142.8594496,VIC,Confirmed
N194,Buralka,,,NT,Potential no data
N205,Airiman,,,,Unconfirmed
C28,Akarre,-22.84250667,135.3629918,NT,Confirmed
E67,Gathang,-31.98263684,152.4155795,NSW,Confirmed
N211,Nhangu,-11.85322093,135.7022074,NT,Confirmed
N212,Gurryindi,,,NT,Potential no data
N213,Bindararr,,,NT,Potential no data
C30,Eastern Gurindji,-17.74853451,130.4059014,NT,Confirmed
C31,Eastern Mudburra,-17.55747282,131.9955177,NT,Confirmed
E76,Mununjali,-28.12654313,152.9146985,QLD,Confirmed
S31.1,Dja Dja Wurrung,-36.79561055,143.6748529,VIC,Confirmed
C34,Kartangarurru,-19.25030503,130.4807254,NT,Confirmed
N223,Wandangbag,-12.31267846,132.9782492,NT,Potential no data
C35,Kuwarranyji,-16.72094035,132.3365622,NT,Confirmed
E98,Nymboidan,,,,Confirmed
N1,Nangor,,,,Unconfirmed
C3,Kokatha,-29.65944536,133.4153573,SA,Confirmed
N24,Nangiblerbi,,,,Unconfirmed
N25,Warray,-13.16324174,131.2538162,NT,Confirmed
N48,Wareidbug,,,,Unconfirmed
N29,Wuna,-12.47516724,131.3729719,NT,Confirmed
N28,Nungali,-15.59017843,130.8570933,NT,Confirmed
C41,Yarlpiri,-20.48362875,132.1319749,NT,Potential no data
S21.1,Kulin,,,,Unconfirmed
C43,Ngaliya,-21.80869809,131.1867126,NT,Potential no data
N32,Wulwulam,-13.6417138,132.0546321,NT,Confirmed
C45,Nyiwanawu,-16.3392093,129.6823194,NT,Potential no data
N33,Kamu,-13.61255822,130.7784577,NT,Confirmed
C47,Western Arrarnta,,,NT,Confirmed
G12,Ayerrerenge,-21.39381083,137.4154269,QLD,Confirmed
C5,Antikirinya,-27.02978902,134.0166357,SA,Confirmed
G19,Nguburinji,-18.53363767,139.0357774,QLD,Confirmed
C8.1,Anmatyerr,-22.25465276,133.2622529,NT,Confirmed
G2,Ulaolinya,,,QLD,Unconfirmed
N202,Djangu,-12.14740282,136.4213048,NT,Confirmed
N204,Mildjingi,,,NT,Confirmed
D11,Pulaali,-31.48957662,141.7697941,NSW,Confirmed
G33,Kurtjar,-16.74729771,141.4175524,QLD,Confirmed
S46,Ngarigu / Ngarigo,-35.90218835,148.7673745,"ACT,NSW,VIC",Confirmed
N52,Widjilg,,,,Unconfirmed
D18,Wangaaypuwan,-31.4133463,145.8190896,NSW,Confirmed
D15,Guyinbaraay,-31.0837662,149.5999617,NSW,Confirmed
D19,Nhaawuparlku,-30.97050337,144.1661644,NSW,Confirmed
N58,Jalakuru,,,,Unconfirmed
N116.O,Manydjalpuyngu,,,NT,Confirmed
N59,Wengei,,,,Unconfirmed
D22,Ngiyampaa / Ngempa,-31.27026424,146.704555,NSW,Confirmed
D20,Wayilwan,-31.01810658,148.0268205,NSW,Confirmed
N66,Urningangk,-12.54571577,133.0564923,NT,Confirmed
N226,Kiyuk,-13.16822762,130.0535206,WA,Potential no data
D25,Kurnu,-29.75977753,145.3308111,NSW,Confirmed
G40,Ngulupulu,-24.05636975,139.8175719,SA,Confirmed
D29,Gambuwal,-28.61886109,151.4415609,QLD,Potential data
G44,Mayi-Yali,-18.94153793,139.7478626,QLD,Potential no data
N117,Djarrwark,,,NT,Confirmed
D34,Bigambul,-28.14139289,150.174827,NSW,Confirmed
D37,Gunggari,-27.36809848,146.9602124,QLD,Potential data
N81,Gun-nartpa,-12.21920382,134.5502503,NT,Confirmed
D3,Ngunawal / Ngunnawal,-34.98029551,149.0870952,NSW,Confirmed
N82,Burarra,-12.16177075,134.5807096,NT,Confirmed
D40,Barunggam,-26.79506641,150.4467729,QLD,Confirmed
N122.1,Gupapuyngu,,,NT,Confirmed
D46,Nguri,-25.60232388,147.8023772,QLD,Confirmed
N90,Ngandi,-14.00859488,134.9063889,NT,Confirmed
N125,Gigi,,,,Unconfirmed
N91,Galwa,,,,Unconfirmed
D47,PaaRuntyi,-29.45822263,144.3145896,NSW,Confirmed
G48,Rangwa,,,,Unconfirmed
Y97,Muluridji,-17.11856796,145.3498346,QLD,Confirmed
D50,Nuntukuri,-29.87173109,145.9524418,"NSW,QLD",Potential no data
G6,Pitta Pitta,-22.62842257,139.7247443,QLD,Confirmed
D57,Weraeria,,,,Unconfirmed
K14,Unggumi,-17.08878137,124.8691177,WA,Confirmed
D59,Milpulo,-31.80848785,142.4141657,NSW,Potential data
K20,Gija / Kija,-17.4239872,127.3910508,WA,Confirmed
S12,Yirawirung,-34.26707911,140.5328348,"NSW,SA",Potential data
S15,Bindjali / Bodaruwitj,-36.42292767,140.4916351,"SA,VIC",Confirmed
S17,Wergaia,-35.8685197,142.1207357,VIC,Confirmed
S16,Mardidjali,-36.96779421,141.6431409,"SA,VIC",Confirmed
N119,Mӓlarra,,,NT,Potential no data
D6,Marrawarra,-33.6663629,141.4486458,"NSW,SA",Confirmed
D71,Galali,,,,Potential data
K22,Wunambal,-14.87939571,125.4637639,WA,Confirmed
K32,Yiiji,-15.13900438,127.9888676,WA,Confirmed
K38,Mariung,,,,Unconfirmed
S28,Dadi Dadi,-34.77763457,142.8384634,"NSW,VIC",Confirmed
S69,Ngarrindjeri,-35.75823067,139.2691002,SA,Confirmed
E15,Galibal,-28.53326435,152.866814,"NSW,QLD",Confirmed
S35,Boonwurrung,-38.45956946,145.5753229,VIC,Confirmed
E16.1,Dinggabal,-28.73775281,152.2844378,NSW,Confirmed
S73,Djargurd Wurrong,-38.17535396,143.2568156,VIC,Confirmed
E18,Minyangbal,-28.55438964,153.4981194,"NSW,QLD",Confirmed
S39,Brataualung,-38.71577707,146.4477985,VIC,Potential data
S52,Thawa,-37.16713269,149.5988333,NSW,Confirmed
S43,Gundungerre / Yaithmathang,-36.72357547,147.5218959,"NSW,VIC",Confirmed
S71,Gadubanud,-38.61824264,143.6440107,VIC,Confirmed
S47,Walgalu,-35.69606229,148.6050824,"ACT,NSW",Potential data
S48,Krauatungalang,-37.59315288,148.3379129,VIC,Confirmed
S49,Bidawal,-37.38307107,149.0529849,"NSW,VIC",Confirmed
E2,Warrimay,-32.48684113,151.9969464,NSW,Potential data
K44,Miwa,-14.12730414,127.0418156,WA,Confirmed
E35,Gungabula,-25.59957324,148.6437252,QLD,Confirmed
S72,Wichintunga,,,VIC,Potential no data
E39,Wadjigu,-24.80852364,148.5733526,QLD,Confirmed
K45,Walar,,,,Unconfirmed
S76,Moatatunga,,,VIC,Potential no data
N89,Buan,,,NT,Potential data
E43,Yagalingu,-23.156858,146.6329386,QLD,Potential data
P2,Torres Strait Creole,,,"QLD,TSI",Confirmed
K63,Giwajbem,-16.30951329,128.2513676,NT,Potential no data
T1,Northern Tasmanian,-41.3250503,146.0335821,TAS,Confirmed
S66,Awabakal,-33.05505807,151.5266736,NSW,Confirmed
S67,Yuin,,,NSW,Unconfirmed
E4,Ngaku,-31.06953469,152.9340119,NSW,Potential no data
S6,Ngangaruku,-34.8315374,139.4514003,SA,Confirmed
E50,Miyan,-21.812523,146.1838164,QLD,Potential data
Y141,Madhirdirl,,,,Unconfirmed
E51,Yambina,-22.31402258,147.4752732,QLD,Confirmed
E54,Yuwi,,,QLD,
S78,Pinejunga,,,VIC,Potential no data
W17,Buluguda,-26.05703503,113.8052951,WA,Potential data
Y142,Mbo'aru,,,,Unconfirmed
S82,Koort-Kirrup,,,VIC,Unconfirmed
W1,Bibulman,-34.41874914,115.9466385,WA,Confirmed
S87,Nundadjali,-37.3893342,141.8004833,VIC,Confirmed
N88,Wubulkarra,,,NT,Confirmed
S86,Pirtpirtwurrung,-37.41394871,142.7988146,VIC,Confirmed
E61,Bindal,-19.56356855,147.1105586,QLD,Confirmed
S8,Yaraldi,-35.45131812,139.3755135,SA,Confirmed
S98,Southern Ngarigu,,,"NSW,VIC",Potential data
L18,Yandruwandha,-28.32584186,140.3918776,"NSW,QLD,SA",Confirmed
E65,Mandalgu,-24.46598501,149.3824338,QLD,Potential data
T14,Piper River Tasmanian,-41.13581009,147.4024295,TAS,Confirmed
L29,Kunandaburi,-26.63472562,142.5938623,QLD,Potential data
T12,Circular Head Tasmanian,-40.85677608,145.3737333,TAS,Confirmed
T13,Port Sorell Tasmanian,-41.27554866,146.5680726,TAS,Confirmed
E77,Nerang Creek,-28.08259432,153.2407725,NSW,Confirmed
E7,Gumbaynggirr,-30.08764301,152.4456876,NSW,Confirmed
Y113,Narkali,,,,Unconfirmed
T3,North-western Tasmanian,-41.24561427,144.872146,TAS,Confirmed
T6,Macquarie Harbour Tasmanian,-42.47607333,145.3373947,TAS,Confirmed
L32,Karanya,-24.3855385,139.8671121,QLD,Confirmed
E83,Rakiwara,-23.06916223,150.7806859,QLD,Confirmed
W45,Watjanmay,-30.42931001,119.9874438,WA,Potential no data
W13,Watjanti,-28.10047626,114.687957,WA,Confirmed
N31,Batjamalh,-13.20884001,130.2740404,NT,Confirmed
W31,Yarnarri,,,,Unconfirmed
W4,Kaniyang,-33.98415512,116.6983021,WA,Confirmed
W20,Maya,-24.42195415,114.3320813,WA,Unconfirmed
W21,Tharrkari,-23.75654662,114.9619856,WA,Confirmed
N132,Wurruḻuḻ,,,,Unconfirmed
W55,Jaburu,,,,Potential data
W24,Burduna,-23.04794101,115.1152077,WA,Confirmed
W25,Thiin,-23.71156576,116.6801157,WA,Confirmed
E91,Marbal,-29.11350479,151.8740972,NSW,Potential data
L35,Karuwali,-24.9599361,141.0306774,QLD,Confirmed
G11,Wonganya,,,,Unconfirmed
L39,Wadjabangai,-24.10558959,145.8108102,QLD,Confirmed
L41,Iningai,-23.08563188,144.8746802,QLD,Confirmed
G12.1,Bularnu,-20.65668866,138.2747458,"NT,QLD",Confirmed
L46,Nhirrpi,-26.95530463,140.8402469,SA,Confirmed
W42,Northern Yingkarta,,,,Confirmed
W44,Janadjina,-24.73553744,118.2674192,WA,Potential no data
G20,Mayi-Yapi,-19.07564608,140.4472208,QLD,Confirmed
G18,Midjamba,,,QLD,Unconfirmed
W47,Yapurarra,-20.67151533,116.6867782,WA,Confirmed
G22,Balgalu,,,QLD,Unconfirmed
W53,Wirlu,,,,Unconfirmed
G26,Mingginda,-18.022513,139.5527314,QLD,Confirmed
W54,Yinigudira,,,,Unconfirmed
W61,Mijarranypa,,,WA,Potential data
G27,Kalibamu,,,QLD,Unconfirmed
L48,Ngananhina,-26.33916333,140.960083,"SA,QLD",Confirmed
W62,Marntartka,,,,Potential data
W63,Ngamangamara,,,WA,Potential data
L55,Wailpi,-30.94840196,138.5829907,SA,Potential data
S19,Yuyu,-34.09882318,140.9993276,NSW,Confirmed
Y144,Ug Windjila,,,,Unconfirmed
G31,Gkuthaarn,-17.36881657,141.1150622,QLD,Confirmed
L64,Parpagunu,,,,Unconfirmed
Y145,Waigur,,,,Unconfirmed
N37.1,Uwinymil,-13.31152048,131.7754804,NT,Confirmed
Y103,Kuku Kulunggur,-16.43240635,145.3437055,QLD,Confirmed
N46,Oitbi,,,,Unconfirmed
Y104,Kuku Wakura,-16.67006814,144.2164252,QLD,Confirmed
G34,Yukulta / Ganggalidda,-17.34123181,138.7513171,QLD,Confirmed
Y109,Kuku Djangun / Djungan,-17.10588502,144.9687918,QLD,Confirmed
Y114,Gunggay,-16.96176375,145.9148146,QLD,Confirmed
G38,Lardil,-16.56431398,139.4588913,QLD,Confirmed
Y111,Yirrgay,-16.94123227,145.7334269,QLD,Confirmed
Y146,Walboram,,,,Unconfirmed
N146,Marradhanggimirr,,,,Unconfirmed
N49,Nambuguja,,,NT,Unconfirmed
G39,Ogerliga,,,,Unconfirmed
G3,Kunkalanya,-23.6376703,139.2879856,QLD,Confirmed
G42,Dhidhani,-20.47735321,138.262116,"NT,QLD",Potential no data
Y130,Biyay,-18.34798195,146.1694168,QLD,Confirmed
Y120,Njirma,,,,Unconfirmed
G47,Jangrala,-17.85144584,138.682737,QLD,Potential no data
Y126,Gulngay,-17.96177304,145.8525333,QLD,Confirmed
G43,Kapula,-22.13275818,138.5961317,QLD,Confirmed
G49,Kok Narr,,,,Potential data
N107,Yalukal,,,,Unconfirmed
N112,Marra,-15.04125841,135.4116298,NT,Confirmed
Y46,Wik Adinda,-13.49280534,141.6108081,QLD,Potential no data
K13,Nyulnyul,-17.02802875,122.7057293,WA,Confirmed
G9.1,Guwa,-22.03693923,142.3193515,QLD,Confirmed
Y139,Gunggarbara,,,,Unconfirmed
Y137,Bindaga,,,QLD,Unconfirmed
Y138,Ganganda,,,,Unconfirmed
K16,Jawi,-16.4424157,123.2675777,WA,Confirmed
Y151,Jirribarra Mamu,-17.61227117,146.0514407,QLD,Confirmed
K1,Yawuru,-17.94389329,122.6253004,WA,Confirmed
Y155,Coonambella,-19.26511928,146.8178661,QLD,Confirmed
N139,Gälpu,,,NT,Confirmed
Y156,Marrett River language,-14.39361979,144.1741964,QLD,Confirmed
Y157,Mbarmburmu,,,QLD,Unconfirmed
K23,Andedja,-17.34859646,126.1280783,WA,Confirmed
K28,Arawari,,,,Unconfirmed
N144,Bilamandyi,,,NT,Potential no data
K31,Wenambal,,,,Potential data
N53,Mengerrdji,-12.35097462,133.0237759,NT,Confirmed
Y163,Kuku Yalaja,-16.12092947,144.543199,QLD,Confirmed
Y16,Ngadhugudi,-12.07837678,142.348612,QLD,Potential no data
Y169,Kuuku I'yu,-12.18816081,142.8796712,QLD,Confirmed
K35,Wilawila,-15.0779801,127.0231169,WA,Potential data
W6,Bindjareb / Pinjarup,-32.89836213,115.9165791,WA,Potential data
N149.1,Balamumu,,,NT,Unconfirmed
Y172,Wik Iyanh,-14.42989537,141.9374704,QLD,Confirmed
Y174,Kugu Mangk,,,QLD,Confirmed
N12,Matngala,-13.78862133,130.4336463,NT,Confirmed
N116.U,Narrkala,,,,Unconfirmed
Y180,Nhawalgaba,-19.23526771,146.7890513,QLD,Confirmed
Y225,Wik Totjan,,,,Unconfirmed
Y185,Awngthim,-12.71153742,141.8212879,QLD,Confirmed
K40,Gingara,,,,Unconfirmed
Y226,Wudjar,,,,Unconfirmed
K42,Wirngir,,,,Unconfirmed
N57,Jawoyn,-13.89730041,133.0384608,NT,Confirmed
Y134,Warrgamay,-18.43750867,145.7979359,QLD,Confirmed
N6,Menthe,-13.63766777,129.9206731,NT,Confirmed
Y193,Uyungkuthi,-12.08356412,142.6556984,QLD,Potential data
N151,Anindilyakwa,-13.9310889,136.5853882,NT,Confirmed
Y230,Muragan,,,,Unconfirmed
K46,Manungu,,,,Unconfirmed
Y198,Ogh Ikarranggal,-14.63339861,143.9418823,QLD,Confirmed
K48,Julbayi,-18.19674378,122.5361115,WA,Confirmed
Y1,Kala Lagaw Ya,-10.11184745,142.1928892,TSI,Confirmed
Y200,Kuuk Yak,-14.87718352,141.7315653,QLD,Confirmed
K50,Doolboong,-15.03641569,128.4571656,WA,Confirmed
Y203,Koko Babangk,-15.81580944,141.4834198,QLD,Confirmed
Y148,Wulbudjibur,,,,Unconfirmed
Y205,Ndwa'ngith,,,QLD,Confirmed
K51,Wawarl,-18.27033506,127.8501016,WA,Confirmed
K54,Marangan,-17.9700937,122.9971836,WA,Confirmed
Y209,Kok Wap,-15.39514198,141.7235417,QLD,Potential no data
N71,Kundjeyhmi,-12.92586056,132.8745604,NT,Confirmed
Y160,Guluy,-16.9352372,145.4465643,QLD,Confirmed
Y213,Ungan,,,QLD,Potential no data
K9,Nimanburru,-17.26473981,123.1341581,WA,Confirmed
N131,Warramiri,,,NT,Confirmed
Y217,Koko-koko,,,,Unconfirmed
L11,Pirlatapa,-29.83938464,140.1004248,SA,Confirmed
Y223,Kokoberrin,,,,Unconfirmed
L14,Dhirari,-28.59828909,137.7748382,SA,Confirmed
Y221,Di:ru,,,,Unconfirmed
Y22,Kuuku Ya'u,-12.5417412,143.033874,QLD,Confirmed
L15,Karenggapa,-29.17570723,142.66888,"NSW,QLD",Potential no data
N133,Wurunggugu,,,,Unconfirmed
L19,Dhiraila,-28.01441455,142.2386919,QLD,Potential data
Y235,Dulgubarra Mamu,,,,Potential data
Y68,Baraban,,,,Unconfirmed
N73,Rembarrnga,-13.23102855,134.4541081,NT,Confirmed
L26,Punthamara,-27.34291427,143.5024351,QLD,Confirmed
L22,Ngamini,-26.9437721,138.9611802,SA,Confirmed
L24,Ngurawala,,,,Unconfirmed
Y24,Thaynakwith,-12.55815284,141.9324279,QLD,Confirmed
N137,Manggalili,,,NT,Confirmed
Y162,Nyagali,-16.54825168,145.4523234,QLD,Confirmed
L33,Marula,-25.35589258,141.6236496,QLD,Confirmed
L37,Gulumali,,,,Unconfirmed
Y30,Ladamngid,-12.88308807,141.8329821,QLD,Confirmed
K70,Dayiba,,,WA,Confirmed
Y31,Mamangathi,-12.55515981,141.9866216,QLD,Confirmed
A124,Cundeelee Wangka,,,WA,
L38,Kungkari,-24.53831202,144.2751922,QLD,Confirmed
Y36,Ngkoth,-12.82760222,142.0521322,QLD,Confirmed
Y34,Arraythinngith,-12.95184098,141.9332017,QLD,Confirmed
Y170,Kuuku Yani,-13.92162847,143.4314962,QLD,Confirmed
A92,Tjapanmay,-30.96389272,117.0541107,WA,Potential data
Y38,Yanganyu,,,,Unconfirmed
A93,Nhanhagardi,-29.21759681,115.2749592,WA,Confirmed
Y41,Mbiywom,-12.96826008,142.1704056,QLD,Confirmed
Y42,Andjingith,,,,Confirmed
Y43,Kugu Muminh,-14.42062789,141.6509863,QLD,Confirmed
Y18,Ulwawadjana,,,,Unconfirmed
L45,Parlpamardramardra,-27.51328333,141.2440087,QLD,Confirmed
N78,Mangarrayi,-14.89124659,133.6191545,NT,Confirmed
L49,Marunuda,-24.93803946,139.5024115,QLD,Potential no data
N145,Djapu,,,NT,Confirmed
Y51,Wik Ngatharr,-13.75387196,141.6079342,QLD,Confirmed
L51,Mikiri-nganha,-25.73018833,137.1438555,"SA,NT",Confirmed
Y55,Morrobolam,-14.25190712,143.5349596,QLD,Confirmed
L52,Wangkakupa,-28.91430688,136.1604381,SA,Confirmed
N149,Dhiyakuy,,,,Unconfirmed
L53,Piltapalta,-27.72217266,136.025876,SA,Confirmed
Y5,Kawalgaw Ya,-10.64328526,142.2142855,TSI,Confirmed
Y192,Andooyomo,-10.93801398,142.6072785,QLD,Potential no data
L56,Yarrumada,-25.97429989,143.8487024,QLD,Potential data
Y194,Utyangikwathiya,-11.89222579,142.4721105,QLD,Potential no data
N157,Ngan'gi,-14.2283974,130.3642618,NT,Confirmed
Y47,Wik Paach,-13.34556703,141.6732686,QLD,Confirmed
L6,Barngarla,-32.6883657,136.8100904,SA,Confirmed
L70,Southern Dhirari,,,,Potential data
N153,Yanyuwa,-15.80208107,136.8078611,NT,Confirmed
L8,Malyangapa,-30.55622095,141.5672758,NSW,Confirmed
N159,Murrinhdiminin,-14.40514018,129.8169491,NT,Potential no data
Y7,Angkamuthi,-11.31446324,142.2941582,QLD,Confirmed
N101,Liyagawumirr,,,NT,Confirmed
N163,Magati Ke,-14.08764363,129.715299,NT,Confirmed
Y206,Ogh Undjan,-16.26565872,142.3917565,QLD,Confirmed
N105,Gulunggurr,,,NT,Potential no data
Y211,Uutaalnganu,-13.09902781,143.3406053,QLD,Confirmed
Y86,Kuku Bididji,-15.74881043,144.9973297,QLD,Confirmed
Y87,Kuku Buyunji,-16.21934348,145.3424799,QLD,Confirmed
N109,Guyula,,,NT,Confirmed
E14,Gidhabal,-28.50105723,152.3203455,NSW,Confirmed
N111,Madarrpa,,,NT,Confirmed
Y90,Kuku Nyungkul,-15.75029437,145.2513211,QLD,Confirmed
Y54,Wik Ngathan,-14.06433131,141.6478689,QLD,Confirmed
P3,Broome Pearling Lugger Pidgin,-17.92995502,122.2989006,WA,Confirmed
Y212,Kuuk Thayem,,,QLD,Confirmed
Y94,Kuku Mini,-16.05329713,143.4613254,QLD,Potential data
Y99,Kuku Yalunyu,,,QLD,Unconfirmed
N162,Marri Amu,-13.81167582,129.8100059,NT,Confirmed
P5,Kimberley Kriol,,,WA,Confirmed
N130,Golpa,,,NT,Confirmed
S22,Djadjala,-35.56047811,141.6828374,VIC,Confirmed
A100,Mardo,,,WA,Unconfirmed
E59,Ngaro,-20.29547471,148.9347367,QLD,Unconfirmed
A13,Widi,-28.82675757,116.721527,WA,Potential data
A116,Nyiyaparli Padupadu,,,WA,Potential data
A119,Kurdun,,,WA,Potential data
A120,Yirrakalan,,,,Potential data
A19,Wardal,,,,Potential data
A24,Gurduwanga,-25.66881645,117.5473826,WA,Potential data
A2,Kalarku,-32.11021775,121.4875755,WA,Confirmed
A29,Wawula,-25.01014047,121.1196452,WA,Potential data
A32,Nakako,-27.22284277,128.5109142,WA,Potential data
A37,Nanadjara,-26.06406529,123.4876394,WA,Potential data
A3,Ngadjumaya / Ngadju,-32.32466432,123.7411955,WA,Confirmed
A51.1,Manyjilyjarra,-22.57376173,124.9062456,WA,Confirmed
A59,Ibarga,-21.2417912,122.3086586,WA,Potential no data
A64,Karajarri,-18.81736968,122.3226214,WA,Confirmed
A66,Walmajarri,-19.46737317,126.1512518,WA,Confirmed
A71,Nhugarn,-25.80499882,115.4762242,WA,Potential data
A77,Mijaranypa,-22.99968937,118.1452752,WA,Confirmed
A83,Njangadjadjara,-30.68216031,131.4921161,WA,Potential no data
A88,Juwaliny,-20.64372967,124.6987972,WA,Confirmed
C12,Antekerrepenhe,-22.75390814,137.6206039,"NT,QLD",Confirmed
C15,Warlpiri,-20.43359561,131.0524093,NT,Confirmed
C22,Jingulu,-17.35076527,133.7015129,NT,Confirmed
C26,Gudanji,-16.980617,135.255653,NT,Confirmed
C23,Gunindirri,-17.66922781,136.8446522,NT,Potential no data
C2,Ngalia,-29.19837154,129.4800333,SA,Confirmed
C33,Karranga,-16.21455837,131.3606302,NT,Confirmed
S30,Gulidjan,-38.22820887,143.6955975,VIC,Confirmed
C38,Ngardilypa,-19.6234758,129.7355985,NT,Confirmed
C42,Warrmarla,-20.50942118,129.7478641,NT,Potential no data
C44,Wenamba,-23.70842468,128.7492416,NT,Potential no data
C6,Pitjantjatjara,-25.66411506,130.0655038,"NT,SA,WA",Confirmed
D12,Paakantyi / Paakantji / Barkindji,-31.63317508,142.7779861,NSW,Confirmed
Y218,Cleveland Bay,-19.29346841,146.8647646,QLD,Confirmed
Y219,Alodja,-15.67874206,144.8255754,QLD,Potential data
D27,Yuwaalaraay,-29.31314852,148.2755346,"NSW,QLD",Confirmed
D21,Wanyuparlku,-31.90096414,142.3424848,NSW,Confirmed
D32,Muruwari,-29.06817925,145.7980905,"NSW,QLD",Confirmed
D2,Yorta Yorta,-36.09392971,145.2635799,"NSW,VIC",Confirmed
D38,Kogai,-27.42337859,147.9422236,QLD,Confirmed
N22,Malak Malak,-13.54877304,130.5524143,NT,Confirmed
D45,Wadjalang / Dharawala,-25.63531758,145.2718665,QLD,Confirmed
D48,Parrintyi,-32.81793804,143.5271058,NSW,Confirmed
D53,Kuntakuri,-29.29726957,146.9078775,"NSW,QLD",Potential no data
D61,Southern Paakantyi,-32.72158778,142.5650997,NSW,Confirmed
D68,Burabura,,,,Potential data
E75,Nyangbal,-28.92150486,153.4217926,NSW,Confirmed
D8,Mutti Mutti / Muthi Muthi,-33.75315605,142.7217453,NSW,Confirmed
E10,Yaygirr,-29.68672297,153.1878436,NSW,Confirmed
E12,Bundjalung,-29.25126135,153.0751537,NSW,Confirmed
E23,Yuggera,-27.70854514,152.5468407,QLD,Potential data
N174,Gurrigurri,,,NT,Confirmed
Y237,Athina,,,QLD,Confirmed
S41,Brayakaulung,-37.87250838,146.579627,VIC,Potential data
E32,Gooreng Gooreng,-24.90480069,151.790315,QLD,Confirmed
E36,Goeng Goeng,-24.26688582,151.6816877,QLD,Confirmed
E40,Gangulu,-24.18606975,150.151432,QLD,Confirmed
E46,Darumbal,-22.71568351,150.0600456,QLD,Confirmed
E53,Baranha,-22.080577,148.198529,QLD,Potential data
E57,Wiri,-21.29857522,148.7037816,QLD,Confirmed
E64,Ganulu,-23.65544718,149.0109623,QLD,Confirmed
E6,Dhanggati / Dunghutti,-30.90641545,152.4169227,NSW,Confirmed
E66,Yugarabul,-27.27760979,153.0252578,QLD,Potential data
E79,Ngarahgwal,-27.88614455,153.327907,NSW,Confirmed
E85,Gambalamam,-30.37844644,152.6714792,NSW,Confirmed
E95,Guringay,-32.51345793,151.699335,NSW,Potential data
E88,Garumngar,-27.35303324,152.6951351,QLD,Potential no data
G14,Indjilandji,-19.32705207,137.4623768,"NT,QLD",Confirmed
G1,Wangkamanha / Wankamadla,-24.33080067,137.4244147,"NT,QLD",Confirmed
G17,Ngawun,-19.80268514,141.9628637,QLD,Confirmed
G21,Mbara,-19.84989287,143.3951331,QLD,Confirmed
G25,Mayi-Kulan,-18.78035758,141.8124153,QLD,Confirmed
G23,Waanyi,-18.31324164,137.6208706,"NT,QLD",Confirmed
G29,Gundara,-16.05243479,141.8155884,QLD,Confirmed
G32,Garandi,,,QLD,Potential data
G35,Kayardild,-17.03057864,139.4892236,QLD,Confirmed
G41,Parnkarra,-21.26027755,138.8104555,QLD,Confirmed
G52,Indjiladji,,,,Potential data
G46,Bundjil,,,QLD,Potential no data
G7,Ringu Ringu,-22.87928251,140.2647726,QLD,Confirmed
G8,Yalarnnga,-21.8218442,139.7132708,QLD,Confirmed
K11,Walki,-17.84614056,127.0630252,WA,Confirmed
K15,Bardi,-16.66816392,122.9022574,WA,Confirmed
K19,Guwij,-15.28945962,127.0496627,WA,Confirmed
K29,Miriwoong / Miriuwung,-15.88629735,128.867674,WA,Confirmed
K27,Bemba,,,,Potential data
K34,Jiyil,-17.21705221,130.5393968,"NT,WA",Potential no data
K36,Gunin,-14.62684779,127.6671493,WA,Confirmed
K37,Arnga,,,,Unconfirmed
N178,Ngorrkgowo,-13.45184228,131.6779507,NT,Potential no data
N177,Ngarlahmi,-14.08836479,132.3599592,NT,Potential no data
K4,Ngumbarl,-17.51518092,122.4915047,WA,Confirmed
K62,Bayimbarr,-15.63267112,127.9739165,NT,Potential no data
K53,Yawijibaya,-16.03065673,124.1487546,WA,Confirmed
K59,Gulunggulu,,,,Unconfirmed
Y28,Ungawangadi,-12.64910858,142.0623192,QLD,Potential no data
L17,Dieri,-28.22809102,139.0584151,SA,Confirmed
L23,Yawarrawarrka,-26.53440658,140.4391338,SA,Confirmed
L25,Wangkumara,-27.57048538,141.8854184,QLD,Confirmed
L27,Wangkangurru,-25.88626857,137.1817585,SA,Confirmed
N18,Jaminjung,-15.15402829,130.3903023,NT,Confirmed
L44,Yandjibara,-24.65633353,145.6108717,QLD,Confirmed
N198,Dhuwal,-12.71246521,136.0098575,NT,Confirmed
L4,Nukunu,-32.8178302,138.0694391,SA,Confirmed
Y32,Alngith,-12.64363253,141.926719,QLD,Confirmed
N218,Mininggiri,,,NT,Potential no data
Y45,Umpila,-13.64420087,143.4314357,QLD,Confirmed
Y39,Ntra'ngith,-12.50209993,142.1093217,QLD,Confirmed
N102,Marri Ngarr,-14.21069418,129.8507263,NT,Confirmed
L7,Yadliawara,-31.09778577,139.8040762,"NSW,SA",Confirmed
N100,Gamalangga,,,NT,Confirmed
N108,Liyagalawumirr,,,NT,Confirmed
N113.1,Ngaladharr,,,NT,Confirmed
N27,Wagiman,-14.01217225,131.1693589,NT,Confirmed
N116.A,Bilin,,,,Unconfirmed
N116.H,Djamundja,,,,Unconfirmed
Y49,Wik Elken,-13.71738214,141.5995202,QLD,Confirmed
N116,Dhuwaya,-12.2661061,136.8700978,NT,Confirmed
N121,Ngarnka,-16.45167137,134.8262768,NT,Confirmed
N123,Bunanatjini,,,NT,Confirmed
N124,Dhämalamirr,,,NT,Potential no data
N230,Yolngu Matha,,,NT,Confirmed
N140,Rirratjingu,,,NT,Confirmed
N227,Karaman,,,,Unconfirmed
Y50,Umpithamu,-14.03556835,143.4488543,QLD,Confirmed
N148,Gobadeindamirr,,,,Unconfirmed
N155,Garrwa,-16.85677792,137.2737774,NT,Confirmed
N42.1,Bugurnidja,-12.76591097,132.7021295,NT,Confirmed
N15,Emmi,-13.51678358,130.1162368,NT,Confirmed
Y56,Wik Ngathanya,,,,Unconfirmed
N168,Djimbilirri,,,NT,Confirmed
N179,Ngardawuli,-11.28981651,131.932295,NT,Confirmed
Y64,Pakanh,-14.59143707,142.3477301,QLD,Confirmed
N186,Bininj Kunwok,-12.57799587,133.5566359,NT,Confirmed
N189,Mukngirru,-12.92760996,130.5374669,NT,Confirmed
N17,Ngen'giwumirri,-14.24563928,130.4613106,NT,Confirmed
Y66,Wurangung,-14.59994042,143.5668774,QLD,Potential no data
N183,Manangkarri,-11.55548091,133.1725261,NT,Confirmed
N5,Alura,,,,Unconfirmed
N206,Djadiwitjibi,,,NT,Confirmed
N20,Tiwi,-11.56336122,130.7597491,NT,Confirmed
N192,Dhangu,-12.4269844,136.6073256,NT,Confirmed
N190,Gun-narda,-12.12789527,134.6619213,NT,Confirmed
N224,Gonbudj,-12.45343626,132.1564989,NT,Potential no data
Y6,Djagaraga,-10.81626591,142.5203416,QLD,Potential data
N196,Nyekuymirri,,,NT,Potential no data
N26,Yunggor,-13.59730024,130.4134057,NT,Confirmed
N201,Gumadir,-12.4811261,133.5636061,NT,Potential no data
N36,Bilinarra,-16.96685957,130.7449655,NT,Confirmed
N37,Wurrugu,-11.36143458,132.0931236,NT,Confirmed
N208,Munggurrpi,,,NT,Potential no data
N43,Mbukarla,-12.98300656,132.3665819,NT,Confirmed
N217,Buwarrpuwarr,,,NT,Potential no data
N51,Wada,-12.46989857,132.5636539,NT,Confirmed
N68,Yangman,-15.41429146,132.4994828,NT,Confirmed
N221,Muralidban,-12.24119972,134.1824059,QLD,Potential no data
N220,Giimbiyu,-12.48082402,133.0564117,NT,Confirmed
N115,Djambarrpuyngu,,,NT,Confirmed
N114,Budalpudal,,,NT,Potential no data
N116.D,Dholpuyngu,,,,Unconfirmed
N138,Binbinka,-16.36136512,136.0457131,NT,Confirmed
N141,Gumatj,,,NT,Confirmed
Y78,Kuku Yalanji,-16.49744785,144.6293752,QLD,Confirmed
N152,Walu,-15.72119237,137.0276688,NT,Potential no data
Y81,Kuku Walandja,,,,Unconfirmed
N160,Ngan'gimerri,-14.00459251,130.6119063,NT,Confirmed
N164,Mariyedi,-13.72102164,130.0513079,NT,Confirmed
N165,Marrabanggu,,,NT,Potential no data
N169,Kerniyn'mi,-13.6537488,133.5850506,NT,Confirmed
N79,Walamangu,,,NT,Potential data
N176,Letpurrirt,-14.15531425,132.2538075,NT,Confirmed
N85,Yugul,-14.74623675,134.8307438,NT,Potential no data
N8,Ngan'gikurunggurr,-14.18557096,130.1037173,NT,Confirmed
N185,Burdinmanduwij,-11.3102845,131.9291184,NT,Confirmed
N87,Manyarring,,,NT,Potential no data
N19,Ngaliwurru,-16.07262772,130.5423272,NT,Confirmed
N193,Golumala,,,NT,Unconfirmed
N197,Wutjara,,,NT,Confirmed
N199,Dhuwala,-12.65404515,135.9581203,NT,Confirmed
N210,Walmapuy,,,NT,Confirmed
S5,Peramangk,-34.86256714,138.8922004,SA,Confirmed
N207,Wora,,,NT,Confirmed
N209,Däbi,,,NT,Potential no data
N216,Ngurruwula,,,NT,Potential no data
N219,Manggurra,,,NT,Potential no data
Y92,Kuku Yanyu,,,,Unconfirmed
N225,Meritjamui,,,,Unconfirmed
N228,Bararrpararr,,,NT,Potential no data
Y93,Koko Dhawa,-16.05090054,141.8061533,QLD,Confirmed
N30,Djowei,,,,Unconfirmed
N35,Wardaman,-15.35692806,131.5269975,NT,Confirmed
Y95,Kutjal,-17.31200751,143.2209542,QLD,Potential no data
N39,Iwaidja,-11.61294718,132.6962202,NT,Confirmed
N40,Ngaduk,-12.21167799,132.5960301,NT,Potential no data
N45,Marrku,-11.15766329,132.56024,NT,Confirmed
N50,Gaagudju,-12.43407733,132.6716085,NT,Confirmed
N55,Erre,-12.42608346,133.0652285,NT,Confirmed
N56,Gundudj,,,,Unconfirmed
S68,Kurnai,-37.97511,146.9726247,VIC,Confirmed
N65,Kunwinjku,-12.1735063,133.4827345,NT,Confirmed
N69,Kunbarlang,-11.93224616,133.8938911,NT,Confirmed
N70,Kune,-12.3980068,134.3865989,NT,Confirmed
N72,Yan-nhangu,-12.00767836,135.2364169,NT,Confirmed
N74,Ndjébbana,-12.1555482,134.2743826,NT,Confirmed
N75,Gurr-goni,-12.22841313,134.2867064,NT,Confirmed
N80,Nakkara,-12.08445713,134.3642204,NT,Confirmed
Y59,Kugu Nganhcara,-14.48978103,141.7921889,QLD,Confirmed
N84,Djarawala,,,,Unconfirmed
N92,Alawa,-15.52367382,134.4795864,NT,Confirmed
N94,Balmbi,,,NT,Confirmed
N96,Dhaygurrgurr,,,NT,Potential no data
S14,Meintangk,,,,Unconfirmed
S70,Buibadjali,-35.71487213,142.4199042,VIC,Confirmed
N9,Marridan,-13.99933726,130.1768236,NT,Confirmed
N97,Djinba,-12.76185278,135.0045812,NT,Confirmed
S10,Ngawadj,-34.22446983,140.2256295,SA,Potential data
S11,Tanganekald,-36.08940248,139.5690972,"SA,VIC",Confirmed
S25,Keerray Woorroong,-38.0397521,142.8801266,VIC,Confirmed
Y63.1,Barrow Point,-14.47597716,144.5944398,QLD,Confirmed
S20,Dhauwurd Wurrung,-38.15561291,141.5396585,VIC,Confirmed
S32,Lewurung,,,,Unconfirmed
S24,Jari Jari,-34.76608104,141.7282794,"VIC,NSW",Potential data
S45,Brabralung,-37.49857408,147.3284126,VIC,Confirmed
S54,Walbunja,-35.82392524,149.8854398,NSW,Potential no data
S75,Koornkopanoot,-38.16991503,142.3290197,VIC,Confirmed
S2,Ramindjeri,-35.46073476,138.7112493,SA,Confirmed
S62,Kuringgai,-33.4064832,151.3342223,NSW,Potential data
S81,Wulluwurrung,-37.84321112,141.634233,VIC,Confirmed
S37,Taungurung,-37.03159788,145.4797207,VIC,Confirmed
S40,Bangerang,-36.20232703317786,145.6586768116188,"NSW,VIC",Confirmed
S42,Tatungalung,-38.08757182,147.4409116,VIC,Potential data
S85,Biwadjali,-36.30586137,141.7856832,VIC,Confirmed
S93,Ngarad,,,,Unconfirmed
T10,South-western Tasmanian,-43.40036118,146.0712872,TAS,Confirmed
S51,Dyirringañ,-36.69382882,149.7215944,NSW,Confirmed
T8,Big River Tasmanian,-42.42506146,146.7588803,TAS,Confirmed
W69,Marndanjingu,,,,Potential data
S53,Dhurga,-35.61911449,150.094706,NSW,Confirmed
W11,Yuat,-30.85744442,115.9193612,WA,Potential data
S55,Wandandian,,,NSW,Unconfirmed
S58,Southern Dharawal,,,NSW,Unconfirmed
S60,Gundungurra / Gandangara,-34.13467164893058,150.1068145286052,NSW,Confirmed
W34,Pinikura,-23.03055906,116.372795,WA,Confirmed
W38,Ngarluma,-20.98223936,117.5563976,WA,Confirmed
W18,Malgana,-26.08578,113.7957619,WA,Confirmed
W50,Jindijind,,,,Unconfirmed
S74,Gaiwurrung,-38.02406387,142.3483051,VIC,Confirmed
W22,Warriyangga,-24.62970191,115.7719536,WA,Confirmed
S7,Ngayawang,-34.40329243,139.501603,SA,Confirmed
S80,Wirngilgnad dhalinanong,-38.4881774,143.021138,VIC,Confirmed
S83,Ngurai-illamwurrung,-36.47280966,145.0816926,VIC,Potential data
S92,Wathurung,,,,Unconfirmed
Y118,Waribarra Mamu,-17.50478111,145.7717764,QLD,Confirmed
S94,Jupagalk,,,,Unconfirmed
Y123,Dyirbal / Jirrbal,-17.74022656,145.661334,QLD,Confirmed
S9,Ngarkat,-35.36113555,140.3522447,SA,Potential no data
T11,Robbins Island Tasmanian,-40.66698251,144.9557269,TAS,Confirmed
T4,North Midlands Tasmanian,-41.66769926,147.1881334,TAS,Confirmed
T5,South-eastern Tasmanian,-43.2255444,146.9977361,TAS,Confirmed
Y159,Gugu Dyilin,,,,Unconfirmed
Y171,Ogh Igadj,-16.4025509,142.1574209,QLD,Potential no data
T9,Cape Portland Tasmanian,-41.08251068,148.0593228,TAS,Confirmed
Y168,Waguurrga,-15.11327397,144.9245631,QLD,Confirmed
W16,Damala,,,,Unconfirmed
W28,Jiwarli,-23.49730603,115.900919,WA,Confirmed
Y179,Wantjika,,,QLD,Potential data
Y89,Kuku Tungay,-16.01665993,145.3479216,QLD,Confirmed
W2,Mirnang / Mineng,-34.72182444,117.564632,WA,Confirmed
W37,Yindjibarndi,-21.73766145,117.8681774,WA,Confirmed
W33,Jurruru,-23.23202179,116.9072218,WA,Confirmed
W40,Ngarla,-20.26323035,119.7052335,WA,Confirmed
W51,Malygaru,,,WA,Unconfirmed
Y202,Ndrangith,,,QLD,Confirmed
W3,Wardandi,-33.85692942,115.4378526,WA,Confirmed
W43,Pulinya,,,WA,Unconfirmed
W59,Ngarluma Padupadu,,,,Potential data
W68,Purnukundi,,,,Potential data
W49,Jadira,-21.84552987,116.1884783,WA,Potential data
Y21,Nyuwathayi,-12.40891,142.3131682,QLD,Potential no data
Y220,Biyay,-18.57749809,146.2353049,QLD,Confirmed
W52,Nokaan,-27.24344484,115.1680319,WA,Potential no data
W9,Wajuk,-31.98148943,116.1239043,WA,Potential data
Y232,Yatay,-10.68308939,142.6240919,QLD,Potential no data
W70,Jaurnmalu,,,,Potential data
Y102,Tjapatja,,,,Unconfirmed
Y106,Djabugay / Tjapukai,-16.73716849,145.5084543,QLD,Confirmed
Y238,Injinoo Ikya,,,,
Y37,Trotj,-12.75093777,142.4058507,QLD,Confirmed
Y3,Meriam Mir,-9.683089798,143.7754251,TSI,Confirmed
W7,Wiilman,-33.14304707,117.1282318,WA,Potential data
Y48,Wik Ompom,-13.34418919,142.0863252,QLD,Confirmed
Y100,Koko Kai-kai,-16.2473143,145.4505726,QLD,Potential no data
Y128,Gugu Badhun,-18.69034079,145.2329872,QLD,Confirmed
Y101,Uw Oykangand,-15.59967224,142.0212186,QLD,Confirmed
Y129,Nywaigi,-19.14735632,146.3919534,QLD,Confirmed
Y10,Wuthathi,-12.02213466,143.0671171,QLD,Confirmed
Y135,Wulgurukaba,-18.86501399,146.6433943,QLD,Confirmed
Y76,Gwandera,,,,Unconfirmed
Y110,Bulway,-17.00446183,145.5623524,QLD,Confirmed
Y116,Djandjandji,,,,Unconfirmed
Y83,Kunjen,-15.72381603,142.654334,QLD,Confirmed
Y121,Ngadjon,-17.36377694,145.7047546,QLD,Confirmed
Y85,Koko Bera,-15.6349181,141.6206186,QLD,Confirmed
P6,Gurindji Kriol,,,NT,Confirmed
Y122,Mamu,-17.63998402,145.7485185,QLD,Confirmed
Y153,Buluguyban,-18.70838064,146.5624231,QLD,Confirmed
N38,Dagoman,-14.44100004,131.877598,NT,Confirmed
N34,Garama,,,,Unconfirmed
N40.1,Ngombur,-12.79362392,132.129585,NT,Confirmed
N64,Mawng,-11.81389825,133.3640077,NT,Confirmed
N77,Ngalakgan,-14.28399246,134.2707529,NT,Confirmed
N83,Ganhalpuyngu,,,NT,Confirmed
N93,Wulkara,,,,Unconfirmed
P1,Kriol,,,NT,Confirmed
S23,Latji Latji,,,"VIC,NSW",Confirmed
S13,Bungandidj,-37.22525172,140.5117485,"SA,VIC",Confirmed
S26,Djab Wurrung,-37.77421504,142.3366299,VIC,Confirmed
S3,Portaulun,-35.35171999,139.2042652,SA,Confirmed
S61,Eora,-33.77772455,151.1754973,NSW,Confirmed
S59,Dharawal,-34.56576533,150.6794074,NSW,Confirmed
S63,Wanarruwa,-32.23955799,150.9248291,NSW,Confirmed
S84,Jagwadjali,-36.32162554,142.6846621,VIC,Confirmed
S91,Nulit,,,,Potential no data
W14,Nhanda,-27.14758378273752,114.1690525208759,WA,Confirmed
T2,Oyster Bay Tasmanian,-42.50356683,147.7687148,TAS,Confirmed
W19,Yingkarta,-24.94564878,114.5358185,WA,Confirmed
W23,Bayungu,-23.2094939,113.9520999,WA,Confirmed
W26,Thalanyji,-22.52288555,114.940864,WA,Confirmed
W35,Martuthunira,-21.40548435,116.4508797,WA,Confirmed
W36,Kurrama,-22.3454093,117.1252561,WA,Confirmed
W41,Noongar / Nyoongar,-32.92213484,117.8400129,WA,Confirmed
W46,Southern Yingkarta,-25.70595009,114.9368643,WA,Confirmed
W8,Wudjari,-33.66707988,120.5919096,WA,Confirmed
Y107,Areba,-17.00962719,142.2228132,QLD,Confirmed
Y173,Wik-Keyangan,-14.18951373,141.9054416,QLD,Confirmed
Y117,Yidinj,-17.08708535,145.7656033,QLD,Confirmed
Y115,Mbabaram,-17.26495596,145.0777395,QLD,Confirmed
Y119,Madjay,-17.26297599,145.8569904,QLD,Confirmed
Y133,Warrungu,-18.03403673,145.2397321,QLD,Confirmed
Y127,Girramay,-18.11003035,145.7326329,QLD,Confirmed
Y12,Luthigh,-11.92849576,142.1165035,QLD,Confirmed
Y149,Jabunbarra Jirrbal,-17.80428699,145.8399655,QLD,Confirmed
Y17,Itinadyana,-12.12634002,142.6539036,QLD,Potential data
Y136,Mbarrumbathama,-14.88162386,143.8342833,QLD,Confirmed
Y14,Yangathimri,-12.01992611,141.871148,QLD,Confirmed
Y154,Mulgu,-18.73410217,146.6225013,QLD,Confirmed
Y15,Teppathiggi,-12.07668662,142.0727087,QLD,Potential data
Y167,Dhalundhirr,-15.25382758,145.2801035,QLD,Confirmed
Y175,Kugu Ugbanh,-14.50799035,141.6346644,QLD,Confirmed
Y187,Mutyanthi,-11.91654153,142.7867337,QLD,Potential no data
Y188,Kokiny,-16.47566056,141.5859365,QLD,Confirmed
Y190,Yumukuntyi,-10.91494119,142.4647584,QLD,Confirmed
Y191,Gudang,-10.8672763,142.5878907,QLD,Confirmed
Y19,Yuputhimri,-12.15351046,141.7946221,QLD,Confirmed
Y208,Uw Olem,,,QLD,Confirmed
Y199,Ogh Alungul,-14.68081463,144.0763313,QLD,Confirmed
Y204,Koko Beberam,,,QLD,Confirmed
Y214,Yirrk-Thangalkl,-15.30127415,141.6169403,QLD,Confirmed
Y215,Kuuk Thaayunth,-14.95261902,141.6461667,QLD,Confirmed
Y228,Ithu,,,,Unconfirmed
Y236,Yintyingka,,,QLD,Confirmed
Y239,Mabuyag,,,TSI,Confirmed
Y216,Ngaygungu,-17.38531233,145.3758549,QLD,Confirmed
Y229,Adithinngithigh,-12.92422851,141.7113879,QLD,Confirmed
Y44,Kaanju / Kaantju,-13.39809629,142.9719833,QLD,Confirmed
Y33,Gudjandju,,,,Unconfirmed
Y53,Wik Me'anh,-14.0117755,141.9278174,QLD,Confirmed
Y60,Ayapathu,-14.41851388,143.2399247,QLD,Confirmed
Y73,Uw Olkola,-15.34793754,142.6986428,QLD,Confirmed
Y74,Gugu Yawa,-15.38018988,144.0313789,QLD,Confirmed
Y71,Gugu Rarmul,-14.76750144,144.1096839,QLD,Confirmed
Y82,Guugu Yimithirr,-15.08521754,144.9427946,QLD,Confirmed
C48,Arandic,,,"NT,SA",Confirmed
Y98,Kuku Waldja / Wulpura,-16.22631865,145.0767116,QLD,Potential no data